{"MCQ220": {"class_counts": [["0.0", 3624], ["1.0", 336]], "avg_precision": 0.4575757575757576, "avg_recall": 0.5, "avg_f1": 0.47784810126582283, "avg_accuracy": 0.9151515151515152, "weighted_precision": 0.8375022956841138, "weighted_recall": 0.9151515151515152, "weighted_f1": 0.8746068277713849, "weighted_accuracy": 0.9151515151515152, "class_precision": [0.9151515151515152, 0.0], "class_recall": [1.0, 0.0], "class_f1": [0.9556962025316457, 0.0], "class_accuracy": 0.9151515151515152, "num_classes": 2, "num_applicable_rows": 3960, "confusion_matrix": [["0.0", [["0.0", 3624]]], ["1.0", [["0.0", 336]]]], "precision_recall_curves": {"0.0": {"precision": [0.9151515151515152, 0.9153573238722758, 0.9157574219741182, 0.9159685199289159, 0.9163488431222985, 0.9173680183626626, 0.9202264539372105, 0.9208354822073234, 0.921644685802948, 0.9250524109014675, 0.9259259259259259, 0.9262575717671846, 0.9272679185400687, 0.9281357730045081, 0.9292364990689013, 0.9289909236518954, 0.9293172690763052, 0.9306265125033611, 0.9307277628032345, 0.938060538116592, 0.9393853961093882, 0.9395650946060435, 0.9410088344257623, 0.9414787325149871, 0.9416666666666667, 0.9431059506531204, 0.9432149097262668, 0.9449027695934001, 0.946396664681358, 0.9471641791044776, 0.9495772946859904, 0.950363196125908, 0.9508396946564885, 0.951316595223515, 0.9538270839789278, 0.9536547433903577, 0.9554020100502513, 0.9562204724409449, 0.9567016873607131, 0.9572021718300863, 0.9580103359173127, 0.9579696087940511, 0.9587020648967551, 0.959250739401906, 0.9596801066311229, 0.9595858383433534, 0.959742895805142, 0.9599864360800271, 0.9608590232074818, 0.961845300034686, 0.9641207815275311, 0.9647184604419102, 0.9664600802041561, 0.9663373582144164, 0.9656862745098039, 0.9659735349716446, 0.9677920062087699, 0.967704280155642, 0.9684542586750788, 0.9684044233807267, 0.9699639567480978, 0.9699157641395909, 0.9702283849918434, 0.9724655819774718, 0.9724310776942355, 0.9744680851063829, 0.9744354495100128, 0.9764397905759162, 0.9763676148796498, 0.9766606822262118, 0.9766187050359713, 0.9765660207300586, 0.9775805698271836, 0.9775700934579439, 0.9772946859903382, 0.9766401590457257, 0.9766052762568442, 0.978117048346056, 0.97809475292919, 0.9810326659641728, 0.9810026385224274, 0.9819868995633187, 0.9824753559693319, 0.9830890642615558, 0.9830699774266366, 0.9835197174808711, 0.9834905660377359, 0.9834963325183375, 0.9834558823529411, 0.9860847564832385, 0.9860583016476553, 0.9862114248194354, 0.9861660079051383, 0.9862353750860289, 0.9862164024810476, 0.98761835396941, 0.987582176771366, 0.9877582249426167, 0.9877112135176651, 0.9887459807073955, 0.9887187751813054, 0.9889643463497453, 0.9889549702633815, 0.9900900900900901, 0.990072202166065, 0.9895238095238095, 0.9898063200815495, 0.9897540983606558, 0.9900881057268722, 0.9900552486187846, 0.9892857142857143, 0.9892344497607656, 0.9947643979057592, 0.9941860465116279, 0.9941690962099126, 0.9935794542536116, 0.9935691318327974, 0.9964912280701754, 0.9964850615114236, 0.9960861056751468, 0.996078431372549, 0.9954545454545455, 0.9946091644204852, 0.994579945799458, 1.0, 1.0, 1.0, 1.0, 1.0, 1.0], "recall": [1.0, 0.9966887417218543, 0.9958609271523179, 0.9955849889624724, 0.9944812362030905, 0.9925496688741722, 0.9867549668874173, 0.9853752759381899, 0.9834437086092715, 0.9740618101545254, 0.972682119205298, 0.9704746136865342, 0.967439293598234, 0.9657836644591612, 0.9638520971302428, 0.9602649006622517, 0.9577814569536424, 0.9550220750551877, 0.9528145695364238, 0.9235651214128036, 0.9194260485651214, 0.918046357615894, 0.9111479028697572, 0.9100441501103753, 0.9042494481236203, 0.8965231788079471, 0.8937637969094923, 0.8849337748344371, 0.8769315673289183, 0.8755518763796909, 0.8678256070640177, 0.8664459161147903, 0.859271523178808, 0.8573399558498896, 0.8493377483443708, 0.8460264900662252, 0.8394039735099338, 0.8377483443708609, 0.8291942604856513, 0.8269867549668874, 0.8184326710816777, 0.8176048565121413, 0.8071192052980133, 0.8054635761589404, 0.7947019867549668, 0.7927704194260485, 0.7828366445916115, 0.7811810154525386, 0.7654525386313465, 0.7651766004415012, 0.7488962472406181, 0.7469646799116998, 0.7315121412803532, 0.7287527593818984, 0.7066777041942605, 0.7050220750551877, 0.6881898454746137, 0.6862582781456954, 0.6777041942604857, 0.6766004415011038, 0.6683222958057395, 0.6672185430463576, 0.6564569536423841, 0.6432119205298014, 0.6423841059602649, 0.6318984547461368, 0.6310706401766004, 0.6175496688741722, 0.6156181015452539, 0.6004415011037527, 0.5993377483443708, 0.5979580573951435, 0.5775386313465783, 0.5772626931567328, 0.5582229580573952, 0.5422185430463576, 0.5413907284768212, 0.5303532008830022, 0.5298013245033113, 0.5137969094922737, 0.5129690949227373, 0.49641280353200884, 0.49503311258278143, 0.48123620309050774, 0.4806843267108168, 0.4610927152317881, 0.4602649006622517, 0.4439845474613687, 0.44288079470198677, 0.4301876379690949, 0.42935982339955847, 0.4144591611479029, 0.41307947019867547, 0.3954194260485651, 0.39486754966887416, 0.3741721854304636, 0.3730684326710817, 0.35623620309050774, 0.35485651214128033, 0.3394039735099338, 0.33857615894039733, 0.32146799116997793, 0.3211920529801324, 0.3032560706401766, 0.30270419426048567, 0.2866997792494481, 0.26793598233995586, 0.26655629139072845, 0.24806843267108167, 0.24724061810154527, 0.2293046357615894, 0.2282008830022075, 0.2097130242825607, 0.18874172185430463, 0.18818984547461368, 0.1708057395143488, 0.17052980132450332, 0.15673289183222958, 0.1564569536423841, 0.14045253863134657, 0.1401766004415011, 0.12086092715231789, 0.10182119205298014, 0.10126931567328919, 0.08305739514348785, 0.08278145695364239, 0.06070640176600441, 0.04083885209713024, 0.0173841059602649, 0.0],